{
  "$schema": "https://schema.management.azure.com/schemas/2015-01-01/deploymentTemplate.json",
  "contentVersion": "1.0.0.0",
  "parameters": {
    "location": {
      "type": "string",
      "metadata": {
        "description": "Location"
      }
    },
    "vnetName": {
      "type": "string",
      "metadata": {
        "description": "Virtual Network name"
      }
    },
    "vnetResourceGroup": {
      "type": "string",
      "metadata": {
        "description": "Virtual Network Resource Group"
      }
    },
    "vnetAddressPrefix": {
      "type": "string",
      "metadata": {
        "description": "Virtual Network Address Prefix (i.e. CIDR)"
      }
    },
    "subnet1Name": {
      "type": "string",
      "metadata": {
        "description": "Server will be deployed into this subnet within the Virtual Network"
      }
    },
    "subnet1AddressPrefix": {
      "type": "string",
      "metadata": {
        "description": "Virtual Network subnet Address Prefix (i.e. CIDR)"
      }
    }
  },
  "variables": {
    "vnetID": "[resourceId(parameters('vnetResourceGroup'), 'Microsoft.Network/virtualNetworks', parameters('vnetName'))]",
    "subnet1ID": "[concat(variables('vnetID'),'/subnets/',parameters('subnet1Name'))]"
  },
  "resources": [
  ],
  "outputs": {
    "subnet1ID": {
      "value": "[variables('subnet1ID')]",
      "type": "string"
    }
  }
}
